<?xml version="1.0" encoding="UTF-8"?>

<beans xmlns="http://www.springframework.org/schema/beans"
	xmlns:xsi="http://www.w3.org/2001/XMLSchema-instance" 
	xmlns:mvc="http://www.springframework.org/schema/mvc"
	xmlns:context="http://www.springframework.org/schema/context" 
	xmlns:p="http://www.springframework.org/schema/p"
	xmlns:c="http://www.springframework.org/schema/c"
	xsi:schemaLocation="
					http://www.springframework.org/schema/beans http://www.springframework.org/schema/beans/spring-beans-3.1.xsd
           			http://www.springframework.org/schema/mvc http://www.springframework.org/schema/mvc/spring-mvc-3.1.xsd
           			http://www.springframework.org/schema/context http://www.springframework.org/schema/context/spring-context-3.1.xsd">

	<context:component-scan base-package="org.atmosphere.samples.pubsub.spring"/>
			
	<!-- View strings that match Tiles names are resolved with this ViewResolver -->
	<bean id="viewResolver" class="org.springframework.web.servlet.view.UrlBasedViewResolver"> 
		<property name="viewClass" value="org.springframework.web.servlet.view.tiles2.TilesView"/> 
	</bean>
		
	<!-- The tiles configurer loads the tiles-definition on startup -->
	<bean id="tilesConfigurer"
		class="org.springframework.web.servlet.view.tiles2.TilesConfigurer">
		<property name="definitions">
			<list>
				<value>/WEB-INF/tiles.xml</value>
			</list>
		</property>
		<!-- resolving preparer names as Spring bean definition names -->
		<property name="preparerFactoryClass"
			value="org.springframework.web.servlet.view.tiles2.SpringBeanPreparerFactory" />
	</bean>
	
</beans>